{
	"variables": [],
	"info": {
		"name": "Watson Visual Recognition",
		"_postman_id": "6f58cb48-fbf5-bc92-4c74-adab4426ebdc",
		"description": "A test drive of the  Watson Visual Recognition service. ",
		"schema": "https://schema.getpostman.com/json/collection/v2.0.0/collection.json"
	},
	"item": [
		{
			"name": "Classify an image using the default classifer",
			"request": {
				"url": {
					"raw": "https://gateway-a.watsonplatform.net/visual-recognition/api/v3/classify?version=2016-05-20&url=https://github.com/watson-developer-cloud/doc-tutorial-downloads/blob/master/visual-recognition/fruitbowl.jpg?raw=true&api_key=paste your api key here",
					"protocol": "https",
					"host": [
						"gateway-a",
						"watsonplatform",
						"net"
					],
					"path": [
						"visual-recognition",
						"api",
						"v3",
						"classify"
					],
					"query": [
						{
							"key": "version",
							"value": "2016-05-20",
							"equals": true,
							"description": "API Version"
						},
						{
							"key": "url",
							"value": "https://github.com/watson-developer-cloud/doc-tutorial-downloads/blob/master/visual-recognition/fruitbowl.jpg?raw=true",
							"equals": true,
							"description": "URL to image of fruit bowl"
						},
						{
							"key": "api_key",
							"value": "paste your api key here",
							"equals": true,
							"description": "API key from  Bluemix console"
						}
					],
					"variable": []
				},
				"method": "GET",
				"header": [
					{
						"key": "Accept",
						"value": "application/json",
						"description": ""
					},
					{
						"key": "X-Watson-Learning-Opt-Out",
						"value": "True",
						"description": ""
					}
				],
				"body": {
					"mode": "raw",
					"raw": ""
				},
				"description": "Classify an image using the default classifer"
			},
			"response": []
		},
		{
			"name": "Detect faces in an image",
			"request": {
				"url": {
					"raw": "https://gateway-a.watsonplatform.net/visual-recognition/api/v3/detect_faces?version=2016-05-20&url=https://github.com/watson-developer-cloud/doc-tutorial-downloads/blob/master/visual-recognition/prez.jpg?raw=true&api_key=paste your api key here",
					"protocol": "https",
					"host": [
						"gateway-a",
						"watsonplatform",
						"net"
					],
					"path": [
						"visual-recognition",
						"api",
						"v3",
						"detect_faces"
					],
					"query": [
						{
							"key": "version",
							"value": "2016-05-20",
							"equals": true,
							"description": "API Version"
						},
						{
							"key": "url",
							"value": "https://github.com/watson-developer-cloud/doc-tutorial-downloads/blob/master/visual-recognition/prez.jpg?raw=true",
							"equals": true,
							"description": "URL to image of person"
						},
						{
							"key": "api_key",
							"value": "paste your api key here",
							"equals": true,
							"description": "API key from Bluemix console"
						}
					],
					"variable": []
				},
				"method": "GET",
				"header": [
					{
						"key": "Accept",
						"value": "application/json",
						"description": ""
					},
					{
						"key": "X-Watson-Learning-Opt-Out",
						"value": "True",
						"description": ""
					}
				],
				"body": {
					"mode": "raw",
					"raw": ""
				},
				"description": "Detect faces in an image"
			},
			"response": []
		},
		{
			"name": "Recognize text in image",
			"request": {
				"url": {
					"raw": "https://gateway-a.watsonplatform.net/visual-recognition/api/v3/recognize_text?api_key=paste your api key here&version=2016-05-20&url=https://upload.wikimedia.org/wikipedia/commons/thumb/2/20/Bekins_Storage_Co._Roof_Sign_2013_02.JPG/1024px-Bekins_Storage_Co._Roof_Sign_2013_02.JPG",
					"protocol": "https",
					"host": [
						"gateway-a",
						"watsonplatform",
						"net"
					],
					"path": [
						"visual-recognition",
						"api",
						"v3",
						"recognize_text"
					],
					"query": [
						{
							"key": "api_key",
							"value": "paste your api key here",
							"equals": true,
							"description": "API key from Bluemix console"
						},
						{
							"key": "version",
							"value": "2016-05-20",
							"equals": true,
							"description": "API version"
						},
						{
							"key": "url",
							"value": "https://upload.wikimedia.org/wikipedia/commons/thumb/2/20/Bekins_Storage_Co._Roof_Sign_2013_02.JPG/1024px-Bekins_Storage_Co._Roof_Sign_2013_02.JPG",
							"equals": true,
							"description": "Image with text"
						}
					],
					"variable": []
				},
				"method": "GET",
				"header": [
					{
						"key": "Accept",
						"value": "application/json",
						"description": ""
					},
					{
						"key": "X-Watson-Learning-Opt-Out",
						"value": "True",
						"description": ""
					}
				],
				"body": {},
				"description": "Recognize text in image"
			},
			"response": []
		},
		{
			"name": "Create custom classifier",
			"request": {
				"url": {
					"raw": "https://gateway-a.watsonplatform.net/visual-recognition/api/v3/classifiers?api_key=paste your api key here&version=2016-05-20",
					"protocol": "https",
					"host": [
						"gateway-a",
						"watsonplatform",
						"net"
					],
					"path": [
						"visual-recognition",
						"api",
						"v3",
						"classifiers"
					],
					"query": [
						{
							"key": "api_key",
							"value": "paste your api key here",
							"equals": true,
							"description": "Your api key from the Bluemix console"
						},
						{
							"key": "version",
							"value": "2016-05-20",
							"equals": true,
							"description": "API version"
						}
					],
					"variable": []
				},
				"method": "POST",
				"header": [
					{
						"key": "X-Watson-Learning-Opt-Out",
						"value": "True",
						"description": "Opt out of Watson data collection"
					},
					{
						"key": "Accept",
						"value": "application/json",
						"description": ""
					},
					{
						"key": "X-Watson-Learning-Opt-Out",
						"value": "True",
						"description": ""
					}
				],
				"body": {
					"mode": "formdata",
					"formdata": [
						{
							"key": "name",
							"value": "dogs",
							"description": "",
							"type": "text"
						},
						{
							"key": "beagle_positive_examples",
							"description": "",
							"type": "file",
							"src": "beagle.zip"
						},
						{
							"key": "husky_positive_examples",
							"description": "",
							"type": "file",
							"src": "husky.zip"
						},
						{
							"key": "goldenretriever_positive_examples",
							"description": "",
							"type": "file",
							"src": "golden-retriever.zip"
						},
						{
							"key": "negative_examples",
							"description": "",
							"type": "file",
							"src": "cats.zip"
						}
					]
				},
				"description": "Create custom classifier"
			},
			"response": []
		},
		{
			"name": "Check status of custom classifier",
			"request": {
				"url": {
					"raw": "https://gateway-a.watsonplatform.net/visual-recognition/api/v3/classifiers/dogs_XXXXXXXX?api_key=paste your api key here &version=2016-05-20",
					"protocol": "https",
					"host": [
						"gateway-a",
						"watsonplatform",
						"net"
					],
					"path": [
						"visual-recognition",
						"api",
						"v3",
						"classifiers",
						"dogs_XXXXXXXX"
					],
					"query": [
						{
							"key": "api_key",
							"value": "paste your api key here ",
							"equals": true,
							"description": "Your API key from Bluemix console"
						},
						{
							"key": "version",
							"value": "2016-05-20",
							"equals": true,
							"description": "API version"
						}
					],
					"variable": []
				},
				"method": "GET",
				"header": [
					{
						"key": "Accept",
						"value": "application/json",
						"description": ""
					},
					{
						"key": "X-Watson-Learning-Opt-Out",
						"value": "True",
						"description": ""
					}
				],
				"body": {},
				"description": "Check status of custom classifier"
			},
			"response": []
		},
		{
			"name": "Classify an image using a custom classifer",
			"request": {
				"url": {
					"raw": "https://gateway-a.watsonplatform.net/visual-recognition/api/v3/classify?version=2016-05-20&url=https://github.com/watson-developer-cloud/doc-tutorial-downloads/blob/master/visual-recognition/dogs.jpg?raw=true&api_key=paste your api key here&owners=ibm,me&classifier_ids=default,dogs_XXXXXX",
					"protocol": "https",
					"host": [
						"gateway-a",
						"watsonplatform",
						"net"
					],
					"path": [
						"visual-recognition",
						"api",
						"v3",
						"classify"
					],
					"query": [
						{
							"key": "version",
							"value": "2016-05-20",
							"equals": true,
							"description": "API Version"
						},
						{
							"key": "url",
							"value": "https://github.com/watson-developer-cloud/doc-tutorial-downloads/blob/master/visual-recognition/dogs.jpg?raw=true",
							"equals": true,
							"description": "URL to image of dogs"
						},
						{
							"key": "api_key",
							"value": "paste your api key here",
							"equals": true,
							"description": "API key from  Bluemix console"
						},
						{
							"key": "owners",
							"value": "ibm,me",
							"equals": true,
							"description": "Indicate both IBM and custom classifiers"
						},
						{
							"key": "classifier_ids",
							"value": "default,dogs_XXXXXX",
							"equals": true,
							"description": "Lists classifiers to use"
						}
					],
					"variable": []
				},
				"method": "GET",
				"header": [
					{
						"key": "Accept",
						"value": "application/json",
						"description": ""
					},
					{
						"key": "X-Watson-Learning-Opt-Out",
						"value": "True",
						"description": ""
					}
				],
				"body": {
					"mode": "raw",
					"raw": "{\n     \"classifier_ids\": [\"dogs_XXXXXXX\", \"default\"]  \t\n}"
				},
				"description": "Classify an image using a custom classifer"
			},
			"response": []
		}
	]
}